Name|Age|Hometown
Woodard, Danielle R.|54|Provo
Hess, Marshall D.|77|Arauco
Moses, Eugenia E.|65|Chaudfontaine
Gamble, Rooney K.|30|Colchester
Burns, Ryan W.|23|Sautin
Mathis, Bianca K.|24|Sautin
Hodges, Ivory K.|50|Uppingham. Cottesmore
Hancock, Harper H.|28|Yeovil
Patrick, Winter T.|58|Puqueldón
Soto, Burton A.|34|Vadodara
Chandler, Denton N.|41|Essex
Sykes, Eagan B.|37|Houtain-le-Val
Parsons, Ashely Q.|56|Coquitlam
Stevens, Holmes T.|78|Villingen-Schwenningen
Rodriquez, Buffy S.|43|Siheung
Mcmahon, Justin A.|20|Olmué
Merrill, Adrienne E.|36|Beaufays
Haney, Christine L.|67|Bakal
Hensley, Grady I.|21|Patan
Estrada, Hashim P.|39|Waidhofen an der Ybbs
Peck, Tatiana T.|59|Issime
Merritt, Rachel Z.|51|Pointe-Claire
Mckenzie, Jena A.|47|Torchiarolo
Pickett, Fleur E.|68|Rouvreux
Robertson, Jeremy Z.|40|Kufstein
Davis, Iliana B.|77|Domodedovo
Crawford, Willa L.|73|Pereto
Tate, MacKensie P.|55|Wolverhampton
Freeman, Raja U.|50|Ivangorod
Wilkerson, Lee F.|68|Bhilai
Hurley, Ruth K.|35|Newark
Hodge, Jena R.|52|Melle
Mayo, Porter A.|36|Knoxville
Miles, Marsden Z.|71|Kanpur Cantonment
Hayden, Hamilton O.|31|Castelvecchio di Rocca Barbena
Beard, Quin J.|54|Cinisi
Gomez, Giselle S.|79|Frascati
Forbes, Lyle Y.|24|Tula
Morton, Kamal Z.|23|Springfield
Aguilar, Dorothy R.|69|Río Bueno
Ratliff, Hop N.|69|Castelvetere in Val Fortore
Velasquez, Dante C.|74|Scunthorpe
Oneal, Virginia K.|49|Bal‰tre
Eaton, Colin F.|79|San Miguel
Brady, Desiree P.|55|Victoria
Garner, Kevin Z.|50|Erciş
Wilkerson, Lenore M.|46|Mission
Decker, Ciaran J.|57|Sulzbach
Figueroa, Bert Q.|78|Palestrina
Ratliff, Clayton F.|75|South Bend
Workman, Hilel N.|71|Conca Casale
Phillips, Fritz P.|26|Querétaro
Simmons, Gay N.|46|Oromocto
Klein, Haviva M.|37|Comeglians
Olsen, Lee O.|56|Limbach-Oberfrohna
Stark, Gage T.|18|Carovilli
Lott, Blaze G.|49|Sangju
Massey, Harlan D.|71|Kohima
Benson, Leila V.|27|Kidwelly
Erickson, Harrison Q.|43|Chilliwack
Perez, Dorian X.|67|Jamoigne
Morgan, Cameran M.|35|Piracicaba
Rush, Cody W.|77|Leeuwarden
Swanson, TaShya Z.|69|Mandya
Barrera, Zachary H.|79|Hildesheim
Huffman, Yuri V.|43|Patan
Zimmerman, Charles R.|56|Mataró
Shaffer, Alisa H.|25|Socchieve
Hooper, Jasmine N.|24|Thorold
Sandoval, Geoffrey H.|21|Hapur
Glass, Damon S.|27|Chhindwara
Cherry, Marah W.|79|Seosan
Nolan, Guinevere J.|55|Ahmadpur East
Summers, Judah G.|59|Leighton Buzzard
Crane, Miriam D.|23|Lagos
Emerson, Francis B.|32|Penicuik
Emerson, Anne O.|59|Alness
Wheeler, Kato S.|76|Kanchipuram
Wilkinson, Brett J.|23|Águas Lindas de Goiás
Conner, Chandler V.|33|Caucaia
Lewis, Iola P.|33|Boca del Río
Mcpherson, Deanna W.|68|Nijmegen
Charles, Raven S.|19|Friedrichsdorf
Key, Carly W.|44|Côte Saint-Luc
Villarreal, Mollie V.|31|Bhusawal
Wheeler, Hashim U.|27|Mataró
Lane, Lisandra R.|75|Valparai
Curry, Caldwell D.|75|Leuze
Ray, Kelsie O.|74|Tumba
Parrish, Ronan Q.|64|Rimbey
Nicholson, Rebecca Y.|18|Armento
Hayden, Hammett M.|58|Aylesbury
Hancock, Shellie Z.|26|Bingen
George, Xander V.|24|Gignod
Decker, Graham U.|25|Uitbergen
Russell, Aspen T.|55|Chapra
Kent, Charles E.|29|Ludlow
Roach, Fiona A.|70|Beausejour
Hansen, Patricia F.|21|Preston
Wade, Sawyer Z.|54|Sterling Heights